评论者,评论内容,评论日期
王家山下,绿色是干净的，脏的是爱情,6分钟前
虎耳he,我们一起走了那么多路,6分钟前
扎心oooooo,我好爱你，回来吧,6分钟前
精神病---,人生来就是孤独，只能告诉我自己别期待太多，这样或许不会在乎绿色不绿色,6分钟前
后定不如今,悲伤逆流成河,6分钟前
cc白鑫龙,我一个人生活的时候你闯入我的世界 当我要习惯两个人的时候 你却要分开让我重新再回到一个人,7分钟前
绅士的品格170507,绿色本来就很纯洁的颜色，只是爱情沾染了它[西西机智],8分钟前
程温纯,只要你足够的冷酷，足够的漠然，足够对一切事情都变得不再在乎。只要你慢慢地把自己的心，打磨成一粒光滑坚硬的石子。只要你把自己当作已经死了。那么，这个世界上，就再也没有东西可以伤害到你了,9分钟前
Strong18boyq-dan,我女朋友特别喜欢您的这首歌,9分钟前
泛白倾,都是假的,10分钟前
一身负能量的子瓜鲸,若不是你，突然闯进我生活我怎会把死守的寂寞放任了,10分钟前
卫旅缕,异地没有双方的维持，你一个人是坚持不住的，根本扛不下来，我是深深体会，不过，请加油！不要有遗憾！,11分钟前
要吃小毛驴,后来才知道，对不起别人的时候最难过的却是自己，,11分钟前
琼呦,为什么给了我希望却又给了满满的失望,11分钟前
AK若然,我想找一个喜欢网易云的女朋友，我可以陪你一起用情侣头像情侣网名，陪你聊天打游戏，给你唱歌听听，虽然不一定好听，但至少孤独的人还是需要靠拢，跟你说早安晚安，用自己笨拙的方式去温暖你，等你找到对的男孩或者，算了可能性不大，到时我们互删，互相安好，所以直接私信我吧,11分钟前
黄罐旺仔喝过吗,封面是暗绿色这是绿了多久了？,12分钟前
煕芊芊,最爱绿色,12分钟前
南希阿,喜欢💕,13分钟前
我会是你未来吗,最后一次机会了，不要把绿色再给我了好嘛？我其实失望透了。,13分钟前
卫旅缕,在为她做这些事情的时候，她会觉得我这样做虚伪的，感觉不真实。女人真是捉摸不透，摸不着头脑。,13分钟前
Solullll,生活就是这样，不允许你我这样过度消费，艳阳下的少年，你的笑像是寒冬里的暖阳，给我这干涸沙漠带来了雨露，带来了希望，你的惊鸿一瞥像是绿色那样的纯净，喜欢你，一如既往，不负韶华❤❤❤💚💚💚,13分钟前
羡东,给了你很多次机会，你怎么突然闯入，又突然离开了,15分钟前
李锋_,😃要开心,15分钟前
迷人的沈柒,你喜欢橙子，橙子颜色的糖果你不喜欢，长得像橙子的水果你不喜欢，橙子味的汽水你不喜欢，就像我喜欢你，长得像你不行，脾气像你不行，不是你更不行💔,16分钟前
JH小狐狸,沉默后对他分享了这首歌 开始还以为被绿了 没想到后面就真的分开了,17分钟前
有梦想的企大鹅,开头 很棒啊 成功吸引了我 好听,17分钟前
劣患,所以互不相扰各自生活,18分钟前
不加糖的百事,那时候偷偷喜欢你的自己是最卑微的自己,18分钟前
可我不得不吃,绿色是一个很好看的颜色 是爱情玷污了它,18分钟前
额你1903,我们一样,18分钟前
问问群二,那是你一个人吧,18分钟前
额你1903,不要想太多，生活仍要继续,18分钟前
樱花雨梦180625,《绿色》是什么意思？,19分钟前
晔钒,最终绿色变了成我最讨厌的颜色,19分钟前
不期而遇snsk,本以为哥哥是绿色 没想到他妈五颜六色,19分钟前
iCHENIii,你是我爱过的，你是我坚持爱的,19分钟前
shutdown-rnow,最淳朴的绿色,20分钟前
悄悄候着,绿色是个好东西,20分钟前
癌YJG,遇到你之前我的世界是黑白色，遇到你之后，全黑了,20分钟前
我女朋友最美哈,若不是我 突然闯进你生活✨@我也太喜欢孟资祥了吧,21分钟前
无常落意,终究是爱情污染了绿色,22分钟前
与念s,所谓世间，不就是你吗,22分钟前
婷姊Nice,你对我不好，我就绿你。,23分钟前
默默鹿m,你也是一个人，不是吗,23分钟前
瑶雪1807,绿色，是真的很好看呐，不该为它戴上背叛的帽子,24分钟前
DENGRUIXUE_,该睡觉了晚安,24分钟前
高低长恭,一字不错的我的故事,24分钟前
为所欲为叶依,能明白。,24分钟前
伊伊8i,太好听了,24分钟前
郎郎11,兄弟 攒够了失望就要离开 他给你那么多失望 你还爱他 没必要啊,25分钟前
被愛判处泪尽殇,绿色不是被戴帽子了嘛。。。嗯。。。很和歌词鸭。,25分钟前
冰封夕阳1708,正常 蓝牙小音箱 我就这样 哈哈,26分钟前
芋子xr,感同身受啊,26分钟前
D温瞳,加油陌生人，守护好自己仅剩的绿色，别再让自己受伤了,26分钟前
我用右眼在说谎,其实我没有很喜欢绿色只是因为你们说我喜欢我也没有很喜欢你了,26分钟前
cx2c,洗澡的时候，同学在放歌？,27分钟前
风光further,若不是你,27分钟前
cx2c,我186 我喜欢一米五的妹子,27分钟前
A_港港港港港丶,你最喜欢的帽子,27分钟前
Das-Gedicht,若不是你突然闯进我生活我怎会把死守的寂寞放任了本来可以骄傲的过完大学 ，就因为你突然的出现 ，明明是你先来打扰我生活的，为什么卑微的人变成了我,27分钟前
赢过输辉煌过,朗朗上口,27分钟前
请给我的腿打个绷带,她最喜欢绿色,28分钟前
AndyDufresne170325,若不是你闯进我生活，我怎会把寂寞放任了若不是你告诉我你已婚我也会拼尽全力去求爱现在我该退出了,28分钟前
xxTXXxxx,傻逼逼的,28分钟前
七只小妖,第一了,28分钟前
介叩,真的是 我明明很早就封闭了内心 拒绝任何人的进入 可你就这么轻易的闯了进来了，然后、、、 现在我又回到了以前的生活，可心却回不去了，你说怎么办,29分钟前
兰兰寶貝_,喜欢💕,29分钟前
看到嘉嘉告诉她多吃蔬菜,约我看电影 先买好电影票再接我，让我去旅行 先订好机票再通知我，想送我礼物 先买到手里再告诉我，我不物质 但该有的仪式感绝对不能少。毕竟都是成年人，那些成天说喜欢你的人为你做过什么？空手套白狼的事小学生都干不出来，一老爷们动动嘴皮子就想让姑娘为你结婚生子你好意思。别再说喜欢我，,29分钟前
艾陆西西,加油,30分钟前
房东的酒,你这情头哪儿来的,30分钟前
y小美ing,遇到让我难堪的事，我唯一的解决办法就是放弃，虽然很怂，但真的很有效果，什么都不要了，也就不会被折磨到了。,30分钟前
歌单从来弄不好,那个这是原生么？怎么和我差那么多,30分钟前
宁死不做钟无艳,很想让他听这首歌 要不是他突然闯进我生活 要不是他 我怎会如此下场,31分钟前
愿你好生顾己w,郭德纲说的有句话我还挺喜欢的。“一个人就算天下人都说他不好，只要他对你好，那你就得认他的好”。 ​​​,31分钟前
由哩的百乔,哇塞，超级棒的一首音乐吧唧吧唧吧唧,31分钟前
Cynovel,看了评论发现实在装不过你们,32分钟前
NJ极度,贾世磊，希望下辈子遇到你的时候，是你想要的样子！,32分钟前
苏怪人-,绿色一直很干净，脏的是爱情。,33分钟前
我是汉子不是妹子i,2017年看了前任3 知道了什么是珍惜 2018年看了后来的我们 知道了什么是错过 2019年你看了比悲伤更悲伤的故事 你知道 什么是 真正的遗憾了吗？ ​​​,33分钟前
雁雍,难逃,34分钟前
齐憨憨-齐怼怼,这个歌手是不是喜欢我，她的每首歌都有种共鸣感，或者她就是在唱我的经过或者我现在的感受,35分钟前
爱香蕉的小少年,春来旧梦了无痕 很少做梦的人 怎么就三番五次的梦见你,35分钟前
心死还能救活吗,若不是你突然闯进我生活，我怎会把死守的寂寞放任了，你就不该来招惹我，让我有了想念却又没结果,35分钟前
泛白倾,好想谈恋爱！都是假的，哪有一米八的会喜欢一米五的给我个甜到齁的恋爱行不行了,36分钟前
杨筱筱丶,后来我们的关系 不算干净的朋友 也不算敞亮的情人,36分钟前
黄罐旺仔喝过吗,遇到之后更快乐,36分钟前
啦啦德莱文,温琴 我们终究还是错过 下辈子还是要遇到你,36分钟前
周静僧,怕只怕努力的我，忘了带上一直跟不上步伐的她，最后成功后发现她早已远远的在后方，像离去的样子，好像。,36分钟前
Z-Shenr,哈哈哈哈哈 在听,36分钟前
黄罐旺仔喝过吗,是滴,37分钟前
Strapping,昨晚洗澡的时候，一个同学一直在放，今天我又开始听了。,37分钟前
小喵来了,1000公里的异地，我真的好爱好爱她，我又怕让她失望，给不了她一个未来，现在的我真的好累好累，但是我爱她，不能放弃,37分钟前
Daisy-hzz,我相信每一个女孩都会遇到疼你的那个男孩,37分钟前
AKgzq,最喜欢绿色了,37分钟前
M南荒,绿色很干净 脏的是人,37分钟前
雁雍,屋外狂风暴雨 淋不湿屋内的你 我是狂风暴雨 你还是你,38分钟前
Lan_妳有妳的骄傲,说没有爱过，那真是假的,38分钟前
邓呈勇,每一分钟起码有5个人在听这首歌,38分钟前
没空喂狗粮丶,傻了一时 以为彻悟 回头却发现自己傻了一辈子,38分钟前
鹤壁八分,肉嘛？猪绞肉，不能再烂了,39分钟前
_enemy_,这个绿色是指被绿了的意思吗？,39分钟前
UBKETL,如果你在听这首歌 我想告诉你我等你,39分钟前
小宝饱,若不是你突然闯进我生活,40分钟前
D温瞳,绿色很干净，不干净的是爱情,40分钟前
你把不到的妹32,那段时间只是刚好被需要而已，当不需要了就抛弃了,41分钟前
夏木正好,爱我的话你不说爱我的事你不做🙈,42分钟前
_____Dawn,绿色很干净 只是爱情脏了它,42分钟前
猪总的跟班,绿色被玷污了,42分钟前
汝听为人言否,脏了绿色的是爱情,42分钟前
他们心花怒放,三里清风三里路 步步清风再无她,42分钟前
黄罐旺仔喝过吗,是你自己想太多了,43分钟前
有-所为,那个年代，菊花还只是菊花，小姐还只是小姐，当然，绿色也只是绿色,43分钟前
别苏v,没遇见你之前我是很快乐的,43分钟前
李威威威威威威威,我用两年时间给我自己未来四年一个学习生活的地方，不知道这四年能给我未来带来什么。,44分钟前
雪后晴大大,突然喜欢这首歌,44分钟前
你所经历的,喜欢绿色，与爱情无关,44分钟前
-弃忆,象征着希望的绿色在爱情中却变成了绝望,44分钟前
Daisy-hzz,好巧，我也是,46分钟前
释小新,祝贺汽水重回第一,47分钟前
-faddy,这首我最近循环了3天，有点疯狂,47分钟前
Ljjjjs,绿色本是最纯洁的颜色，是爱情弄脏了它,47分钟前
不喜欢uuuuuu,为什么突然闯进我生活 然后找了个服软的她,48分钟前
双马尾胖虎少女,绿色心情 早呀,48分钟前
是玲玉阿,那就向前看，不要被痛苦缠住不要被犹豫绊住，微笑接受思考前行~,48分钟前
崔崔崔崔崔琦,加油哦，高先生。,48分钟前
向木xm,我也喜欢你，喜欢你这样安静的女生！,49分钟前
你不会是AI吧,所以说，这里的绿色，代表什么？,49分钟前
我是乐乐你是谁啊,光绿脑袋不行，要绿全身，是有多恨,49分钟前
吓死驹驹了呢,当我发现，我只是她拿来气前任的工具时，我真的好后悔自己的认真就这么交出去了。最后那一刻，我拿我们之间的感情赌了一把，她没有选择跟我走，而且她的前任还以圣母的形式安慰了她。我从小就很快乐，后来把快乐全给了她，她也确实拿走了。OK吧，Good luck.,49分钟前
GOEOLi,你要听我唱吗，虽然唱得不好听。,50分钟前
等一人倾城21,绿色是干净的感情是脏的若不是真的无能为力谁又想轻言放弃？,50分钟前
是二橘呀,好听,50分钟前
左岸十,绿色，原谅色。,50分钟前
等风也等你2028,你说你发现了一首很好听的歌，分享给我的时候，我听着旋律看着歌词，思绪万千，自私的以为里面都是你对我说的话，可我却没有理由去对号入座，也许你听着这首歌想起的并不是我，我不知道我们现在的关系，你总让我觉得我们的关系不只如此，却又只能这样。,51分钟前
陈不寻,看你多爱我，劈腿了也不跟我分手,52分钟前
幸运草爱骚猪,我曾最深爱的男生喜欢的颜色是绿色的，我现在也喜欢了绿色,52分钟前
好好好很好非常好,都变得空空如也,53分钟前
我的feel丶,3.我不会对你热情的原因是：我房租水电自己掏，肚子饿没衣服穿自己买，感冒发烧生病自己去医院，寂寞无论看电影，没钱无奈自己熬夜。你说我凭什么对你热情，难道就凭你一句我喜欢你我想你？请问你在开什么玩笑？,53分钟前
莫失莫忘Aaa,在2019年结束的时候，网易云年报会告诉我:2019年3月21日，你听了好多次《绿色》 我会想笑，那天 因为你，我听了好多次那首歌,53分钟前
皮卡丘没有十万伏特喔,我终于把你忘了,53分钟前
答案就是你_,月亮不抱你 时光摧毁你 可是我爱你 这个季节 绿色真的很干净,54分钟前
好好好很好非常好,后来我变成看上去像有男朋友其实却没有的人,54分钟前
Y-是你的阿王,爱我的话你都说，爱我的事你不做，所以分开我一点都不难过,54分钟前
你脸红的样子像极了爱情,他： 不好意思 走错了！ 溜了溜了,54分钟前
奥利奥1218,有一种悲伤 我永远失去你了,55分钟前
Joncep丶,可惜我连闯入她生活的机会都没有。,56分钟前
Anny漠,若不是你突然闯进我生活我怎会把死守的承诺放任了💔,56分钟前
也只是我认为,后来再爱慕谁也无法传达，只不过是一厢情愿罢了..,57分钟前
叶花黎,我以为我们能走很久 不过我没想到 这么久了 你也会腻 你也不那么爱我对吧 那你为什么要说还喜欢我 还想和我在一起呢 你知不知道这样我很伤心 就好比我身在地狱 你把我拉上来 让我误以为我到了天堂 却不成想 是你又将我推向了地狱 还不如就让我一个人在地狱生活,58分钟前
宇西FRl,哎！谁不是在这里扮演着渣男在那边扮演着情圣。我很想爱她，但是理智在说话。,58分钟前
-_-红鼻子小黑,绿色很干净 脏了它的是那些所谓的爱情,58分钟前
ImSuperGe,声音很独特 很好听,59分钟前
蜜渃,若不是你突然闯进我生活又怎么会有故事怎么会有满船清梦💚,09:50
网友范冰冰,有些人表面上谈过很多次恋爱 实际上没有一次被好好爱过,09:50
-木陌-,如果后来你真的没有在找我，可能会以为自己已经忘记了吧。对不起，打扰了。,09:50
就叫帅气的我,第一次主动，换来的却是不好的结果，我想以后再也不会这样了,09:50
nicer叮,两年了终于结束了,09:50
shi界很美,听了好久了，终于看到你被其他人发现，并且也觉得你好听了~,09:50
我八瓶倒一箱昏,寂寞真的很可怕 ！和别人聊个天 ，都感觉自己恋爱了 ，把她给放在了心上,09:49
你的女孩微,绿色本就是个干净的颜色是爱情玷污了他,09:49
是阿澜吖,太好听了吧,09:49
AI毁宙,等人是会上瘾了 因为等着等着 你会发现 如果你不等了 不是放弃了对方 而是背叛了自己,09:49
Love__Sunshine,听了那么长时间还是不敢单曲循环，怕听腻了。,09:49
陈糖糖呀-,两年了，我还是忘不了你，忘不了那个夏天,09:49
懂舍qh,是爱情污染了绿色,09:49
很近1712,如果要给生活添点颜色吧话，那就添点绿色叭。,09:48
不知所措的肉团子,·一样·我一直相信缘分这个东西·后来才明白·有缘·也会无分··相遇是缘分·分开·也是无分·不合适的最终会分开·,09:48
微笑阳光i,你看评论的频率，我没见过正常哪首歌评论时间间隔这么短的，一分钟一个评论,09:48
他愿意为你勇敢走出从前,你爱过森林，我绿过你,09:48
伊吹小风子,白山茶～,09:47
天地盛宴,我想敬你三杯酒：第一杯敬我们的有缘，第二杯敬我们的无份，第三杯敬我们的以后，都各生安好。你满心欢喜憧憬未来，我却要忘你于茫茫人海。,09:47
黑也白也罢,我跟你说过我喜欢绿色吗,09:47
想做他的菲菲,感同身受,09:47
言梓柒1808,绿色很干净，是爱情脏了它,09:46
叮当喵喵喵啊,明明是你先开始喜欢我，先来招惹我，说爱我，我放弃了所有来到你的身边，换来的是你说没有当年的感觉了，我开始沦陷，你却轻轻地推开我，说我们性格不合适！当年是你说所谓择偶的标准都是给不爱的人的，喜欢的话什么都不是问题，我知道，我们确实回不到过去了，所以，你好，再见！,09:44
好呢喃,谢谢你给我推荐这首歌。,09:44
成王败寇sir,青青草原,09:44
Tsundere槿夏,后悔吗，已经晚了,09:44
Zoie_F,也是很爱绿色,09:43
IsAspect,声音里带着那么一点点寂寞，爱死了,09:43
咦吖哎呦V,说不痛苦是假的，毕竟我的心也是肉做的啊！,09:43
未归---,荣登榜一,09:43
鱼仔1213,綠色很純淨 臟的是愛情,09:43
香蕉苹果大鸭梨1703,我们也爱你,09:43
欤已_,绿色这个颜色，纯洁又干净，别让爱情玷污了它,09:42
大可爱呦嘿,绿色很干净💚 若不是你突然闯进我生活我怎会把死守的寂寞放任了 可我爱你知道吗,09:42
心晴24590,为什么这么好听的歌火不起来？,09:42
张波Txr,听你的歌，又起涟漪。,09:42
善良凯智,哈哈哈，混入其中,09:41
杂食copo,想听好妹妹唱这首歌呢,09:41
宝贝跟紧我,内向是一种错吗,09:41
认识繁华吗,我尊重同性恋，我理解抑郁症，觉得有纹身的小姐姐超酷。我知道捐献造血干细胞不需要忍受很大疼痛在骨头上打洞，我会喂楼底下的流浪猫，会给老奶奶让座位，会对店员说谢谢……纵然，我普通人，脾气不好，曾经失败痛苦伤心绝望，吃尽生活的苦，但我依然，想努力地成为一个温柔善良的人。我也想一直善良啊,09:40
阿笛的胡思乱想,士为知己者死 女为悦己者容——《战国策·赵策一》,09:40
水煮冰淇淋12121,爱人不是喜欢 也不是寻欢作乐的伴 而是口吻平常 河畔未曾驶远的船,09:40
这是丹丹,无聊的生活给自己放松一下也让别人开心一下。,09:39
这是丹丹,好,09:39
青青子净,是我突然闯入了你的世界如果说我的世界是蓝色你的世界是混沌我在其中傻傻的看着你,09:39
-将爱意深埋,谈恋爱不就是图个伤心吗 分手快乐..,09:39
亦亦昀,想…………,09:38
抓住可爱的少年音,绿色其实也挺不错，不是么,09:38
张优雅又想吃巧克力炒酸奶了,你来我的小城市里我天天请您吃巧克力抄酸奶好不好,09:37
烂名字不要了,@慧慧,09:37
杰锅锅f,不会再用那些无关的事，来玷污绿色了,09:37
ChainWarden110,爱情是干净的，脏的是人,09:36
是你的婷好看-,真是个宝藏女孩💚,09:35
Lotusoooo,绿色是一个纯净的颜色，是爱情玷污了它。,09:35
炮灰会飞__,遗憾 我好像在等他 又好像没有 我只知道没有他我就不会再找下一个人了 我骗我自己说 我在等那个对的人,09:35
欧丶羊羊羊,我也喜欢绿色 导致我头上一片绿油油,09:35
-Stella---,成为了你的女朋友，却没有进入你心里。想要更好的站在你身边，想成为你的骄傲，想在你朋友圈看到我的身影。给我时间，我会做到的。英国和上海等我🌸,09:35
等待-fairy,最怕 突然听懂了某一首歌,09:34
呆呆小y,青青草原了[多多大笑],09:34
听说评论就会发女朋友,网络一线牵，珍惜这段缘,09:34
XUJINHWEN,所谓厌倦不过是新鲜感的开始,09:33
_我们生来就是孤单,原来陈雪凝想这个样子,09:33
境随心变1807,林先生，再见了,09:33
六月谧,爱我的话你都说 爱我的事你不做,09:32
Aabigale16,你喜欢我我喜欢你，为什么不能在一起，为什么要故意去疏远，为什么呀😳,09:32
桃桃桃子---,你不想放弃的话就继续坚持鸭，还是说…你自己内心也不知道要怎么做，很渺茫？,09:31
贼心不改,是你让我觉得爱情也不过如此,09:30
Chennoey,绿色本是纯净的，脏的是爱情,09:29
flowerdance_,绿色，我的颜色！哈哈。,09:29
格吼吼吼,那个多年没见的女孩你现在应该很好吧 18号那天去你们学校考试 走着...走着就在那个班墙下看见你的照片了 一点没变 嘿嘿还是那个无赖的模样...不知道该怎么说了 反正 今年高考 加油于水水水😁😁,09:29
Z权龙,说不痛苦那是加假的,09:29
Chennoey,绿色本事纯净的，脏的是爱情.,09:29
情怀如昨天_,分手之后 突然听懂了这首歌 初闻不识曲中意 再听已是曲中人,09:29
Aci扮乖,董小姐我想你了,09:28
XUJINHWEN,若不是你突然闯进我生活我怎会把死守的寂寞放任了💔,09:28
沈欤南,绿色无关爱情💚,09:27
姜欣蕊蕊蕊儿,期待归来..💨,09:27
轻衣_da,在这个谈物质的年代，对不起，我输了,09:26
苏迪要早睡,我不想再猜了 我也不要再期待了,09:26
是哥哥太难忘o,爱我的话你都说 爱我的事你不做,09:26
RaymondLew,坐等私信，在线等,09:26
RAaron,那她们都是咋想的 我非常想知道,09:25
金箍先生,不将就是因为我不愿意去拥抱那些我从未为之心动的灵魂,09:25
这是丹丹,我会给赞我的人私信一句话。,09:25
等一个人面包,听见这首歌 像极了这两天跟男朋友的矛盾 什么都不说 我主动他还想拒绝 不知道该不该坚持下去了,09:25
yu颖洁,若不是你突然闯进我生活 我们怎么会有故事,09:25
白姑娘170603,若不是你突然闯进我的生活，我也就只是孤独而已，可你在突然闯进生活后，突然走了。你……,09:24
alone七叔,开头撕扯声我以为手机废了,09:24
RaymondLew,Sherly写出的旋律真是太好听了，还这么高产，还是00后，太棒了。不过目前歌词主要以爱情为主，曲风以流行为主，后期希望能看到不同风格的尝试,09:23
等一个人面包,绿色循环不下百遍了吧,09:23
Khyoo,你是瘦到风吹就倒是吗,09:23
不是黎耀辉-,昨天的我想等你的晚安，想了又想删掉了你的联系方式，你是个二流货色我依旧喜欢你，看得出你没那么爱我的样子可我依旧爱你。你很清楚怎么来伤害我，若不是你突然闯进我生活，我怎么会把死守的寂寞放任了。感情就到这吧，最后一次我选尊严。,09:23
旧忆亦我,是被爱情,09:22
小鱼仙官ing,明明是人的错，却要怪爱情,09:22
木897txq,真的幸运有人出现，在你离开我之后，他每一分钟都在烦我，让我没有时间去难过,09:22
81CHAN,要想生活过得去，爱情总得带点....?,09:21
柚子的可爱噗桑,我喜欢绿色。,09:21
Z先森的小天使,喜欢倒着读,09:21
初开QaQ,若不是你突然闯进我生活我怎会把死守的寂寞放任了,09:21
gx丶顾先生,不痛苦是假的，,09:20
玲听GG,做你最忠实的舔狗（如果不是真的喜欢谁又愿意当舔狗呢）,09:20
Axxxxxxxxl,因为我最爱的颜色，所以这首歌我必须听,09:20
Hns丶心宇1996,开口脆，果断红心,09:19
酷南诚,在一起后发现没了以前的甜言蜜语，我知道我们这样不会长久,可我放不下,09:19
抬头看见月色,爱我的话你都说 爱我的事你不做,09:18
雁过也无痕耶,我主动去买个绿帽子戴戴,09:18
七悦阿,我从没有爱过你，因为我还爱你。,09:18
孤独的郑女士,我不是不喜欢你了只是不能再等你回消息等到天色微亮了,09:17
眼神ovo,绿色代表着希望却被帽子玷污,09:16
青柠檬171204,是的呢,09:16
小舔豆OvO,不仅是心情变成了绿色，连头顶也变成了绿色-,09:16
Melofour,我想我以后都会把自己保护的好好的，不再胡乱让别人进入我的生活,09:16
章鱼哥快跑,他能背得动你吗,09:15
不是谁的甜心宝贝儿了,都要,09:15
丑不拉几东,L LOVE YOU FAN BO BO,09:15
你的黎儿,良人许久未嫁 旧人回首莫问 一切命中注定,09:15
信诱180510,在一起多久啦啊,09:14
东单第一控卫,绿得你发慌,09:14
青柠凌晗,这里是我的心奇迹般万物生长后来你来这里走一遭这里荒芜寸草不生。,09:14
东单第一控卫,绿的可怕,09:13
北忆莀,有、东西,09:13
FeelingGood11,网易也八级了  还是老样子,09:12
玛格丽特兔jiejie,爱我的话你都说，爱我的事你不做。涛，这辈子就这样了吗？今天，是分手的第十四天，我心痛...,09:12
要减肥成功吖,在一起第1928天 我们也分手了,09:12
啊涵小可爱,失而复得那么好的词为什么一定要用重蹈覆辙,09:12
哩给,一样一样的,09:11
做你的宝贝甜甜啊,我有时候就在想，有距离的人啊 走不到最后，是我没有勇气，也贪念现在的岁月,09:10
KQ18,第一次听这首歌 刚发给她截屏过去 第一次的恋爱结束了,09:09
绿色_______,喜欢喜欢💚,09:09
阿玖不吃鱼,曾经的我有多喜欢你，你不会知道，你也不会知道我为什么对于某个日期的执着，你也不会知道为什么我会因为你的一句话生气难过一整天，你知道我为什么喜欢绿色吗？因为初次相见你时，我穿了一件绿色的连衣裙，我觉得那天真的很美好。因为是你，所以我喜欢。因为我喜欢你，所以我放弃,09:09
秦欢喜不喜,绿色是爱情脏了的颜色,09:08
九离ok,爱我的话你都说 爱我的是你不做 这就是常态吧,09:08
小半吖a,谢谢学姐，不老！会加油的！,09:08
王好先生,绿色是爱的一道光😏,09:07
人间不值得zxw,其实我不喜欢玩游戏，可这是唯一能支撑我们的感情的东西了。你不会主动靠近，我就以游戏的方式多于你接触，即使我很菜,09:07
PantaQ1,越听越上瘾[西西奸笑],09:06
鹤翎公子,我最爱的颜色是蓝色,09:06
王诺彦Thyraz,看评论 在说这个绿色 不太懂这个含义 可以让我理解一下不,09:05
洛COMET,一个心甘情愿，一个装傻到底。这应该是上天安排好的吧！得不到也不用怨谁，就当成是缘分不够吧。不过，也应该庆幸，最起码我的世界有你，你的世界也有我！缘分上半生不够，那余生我陪你！！,09:05
楠辰以南,我念念不忘了很久 翻看了和你从开始到结束的聊天记录 也看到了你删除我之后 我那些对你说你却看不到的言语之后 我突然就释怀了 以后 再也不会主动联系你了 那么卑微的自己 我再也不想看见了 也终于明白了什么是差距 从此 与君是路人,09:04
我没有什么故事讲给你听,爱我的话你都说爱我的事你不做,09:04
假象哦,当难过比开心多的时候 就请你放弃他吧,09:04
不对味苏打,评论句句是故事,09:04
小奶a,有点真实,09:04
北城张圆圆丶,每次都来评论区看你们讲故事，还把自己蓝瘦的不要不要的。,09:04
吃的进行时,那个，昨晚月色真美，后半夜长沙打雷都上热搜了呢，嗯嗯现在下大雨了，那个，emm……,09:04
Mmue,希望你不是把这首歌当做我 qiao..,09:03
鍾意女友,绿色本来就很纯净 是爱情玷污了他,09:03
屌丝暖男,绿色本无错，弄脏他的是爱情💚,09:03
王王王岩阿,祝你辜负终老.而且长命百岁.,09:03
楠辰以南,好与坏 爱与不爱 心很明白,09:02
可惜我才十七岁,相遇未必是好事,09:01
唯爱LoVELzr,我抽烟不过肺，就好像你喜欢我不动心一样,09:01
mcqueen713,加油 走出来是对自己最大的尊重 你很棒陌生人 会有更好的,09:01
全世界不懂都没关系的呢,还是种一盆花吧——你给它浇水，它给你开花！,09:00
侧写师1039,草木绿 世上最单纯的颜色,09:00
遗忘的旧时光丶,原来长得好看的也会有被绿的风险,09:00
hypocrite彡,若不是我突然闯进你生活，你怎会把死守的寂寞放任了 王梦田~,08:59
念红药_,我怕谈恋爱会有失去你的一天 所以只敢和你做朋友 可是我忘了朋友也会有渐行渐远的一天,08:59
举头爱明月,要想生活过得去，头上必需带点绿。,08:59
万宝路天下第一,他喜欢那个女的。他也喜欢你。他只是渣。,08:58
yuhnkouhbki,若不是你闯进我的生活,08:58
喜我成疾l,打卡,08:58
蔡呀1809,这段日子熬过就好了，没事的，也别重蹈覆辙,08:58
陳兴月,在一起了四十二天今天分手第四天我很爱很爱她可是她放弃了我希望我可以快长大,08:57
嘉怡儿2,别再躲了，再躲就不像普通朋友了,08:57
达波波,绿色是一个很纯洁的颜色，很干净又纯粹，只是爱情弄脏了它,08:56
RoSe所谓罪恶,也许这个世界也曾被改变过呢,08:56
陳兴月,她和我说分享过这段话她说以后也要带我见姥姥可是她不要我了,08:56
西心c,我的心就一颗，你尽管伤,08:54
陳兴月,我以后也不要淋雨了 要让她在我心里被我藏的好好的,08:54
IF60,听着这首歌，想起我们的过去，你比我大5岁，我喜欢叫你大叔，在我还没有对你沉入太深的时候你说怕耽误我，要跟我分手，我同意了，几个月后，你又来找我和好，我同意了，后来被我发现你在跟别人谈恋爱，我气的发抖去问你，你告诉我你只爱她，那我算什么，现在还在浑身发抖的打出这段文字,08:53
蹄儿怎么这么可爱,我真的不想让任何人再闯入我的生活了,08:52
账号已注销0506,你会有更好的 加油 请别丧,08:52
胖墩龙不飞,下辈子，换你来爱我，就像我爱你那样,08:51
侧翻笔盒,有故事的人,08:51
godbless1227,有些人很奇怪，不爱你还不放过你。有些人更奇怪，爱你还放过你。,08:50
_少女英雄夢,前天挑明 昨天就遇见这首歌 今天单循,08:50
绪千枫,这歌跟我现在又有什么区别,08:50
自来卷你慢慢长,慕了,08:49
孤独和我重归于好i,想的不可的 你耐人生何,08:49
陽燦強,这歌该叫(呸！渣男)[多多大笑],08:48
梨花白丶丶,爱情脏了他,08:48
eeeeeeeeeeeeeeeeeeeeeeeeeea,绿色代表着生机 现在人都把当成绿帽子 完全了解不了这个世界,08:48
倔强的土豆621,喜欢你很久了，突然这么多人喜欢你，我既开心又难过。😞,08:47
天呐天i,爱着一个没有灵魂的人世界都是黑色💔,08:47
愚迟丶,播放量第一了！nice,08:47
你的大魔王biu,比悲伤更悲伤的故事 一个大男人哭的像个孩子 不是因为现状 而是让我想起以前那些美好的回忆 可是早已物是人非 回过头来才知道没有人能代替你 我多么想和你珍惜好下半辈子 可惜 或许你已经找到那个比我还要好的 答应我一定要快乐,08:47
愚迟丶,逼疯了第一了！nice,08:47
芩木,If god had gifted me with some beauty and much wealth , i should have made it as hard for you to leave me , as it is now for me to leave you .,08:47
念与白丨思于红,说不在乎都是假的，一年多感情分分合合反反复复总归是由我自己结束了…有些话我也不知道该怎么说，其实有时候没有人想轻易放弃，有人问过我真的有喜欢过吗？我都是敷衍了之，可如果是一个自己不喜欢的人，谁会不论多晚的都去陪着她…我不是傻子也不会漫无目的的去对一个人好，如果有那就是喜欢,08:46
丧丧丧无限丧,绿色很好的，是爱情玷污了“他”,08:46
-Stella---,成为了你女朋友，却好像没有成为你心里的人。想要更好的站在你身边，想成为比你朋友圈里任何一个夸赞的小姐姐都优秀的人。给我时间，我会做到的。英国和上海等我🌸,08:46
我我是天选之子,快上10w＋！,08:46
沈阳薛之谦1901,不啊，我就特别内向，但我只要熟悉的人就会特别疯，简直两个人,08:46
Heart啊aa,喜欢一个人就像一条狗，他给你一块骨头。你高兴的上蹿下跳，你都不会想想，他把骨头上的肉喂了谁。​​​​,08:45
改变是个过程,所谓新鲜感指的是和旧的人去做新鲜的事而不是和新的人去做旧的事好好珍惜你现在所拥有的那个他吧,08:45
Just_wantyou,小时候特别喜欢两个颜色，一个是绿色一个是蓝色，现在长大了，不喜欢绿色了只喜欢蓝色[多多难过],08:45
TP_TX,如果是爱我的话你不说 爱我的事你都做这首歌就莫名的甜呀[多多瞌睡],08:45
有且仅有PUSS歪,我真的有想跟她做做朋友的念头了,08:45
herrrrrrrrrrrrrrr,若你没有闯进我生活就没有每天清晨的满心期待连夕阳都没有色彩,08:44
葳梦,大一的老学姐，哈，真的，好好学习，不要到高考成绩出来时体会那种无力感,08:44
歌谭式,想要生活过得去，头上必须顶点绿！,08:44
薇薇打扰了,够了，滚吧,08:44
小柚子呀-,好听！！！,08:44
沈阳薛之谦1901,管他呢，自信最好，不要在意别人的眼光，爱咋咋地，我就是特别内向的人，人多就不好意思(T ^ T),08:43
于哈哈89,因为他和我一样渣,08:42
青山唯尔,这才是理智的成年人的做法,08:42
freejoe,最初开始喜欢一个人的时候，也是最不了解它的时候，在一起久了那种能经历风雨的原因，却是因为对彼此的了解。就像我们这一生，遇到爱遇到性都不稀奇，难得的是遇见了解。,08:42
小劲劲很酷,什么时候甜甜的恋爱能轮到我啊,08:42
青山唯尔,为什么要删呢？,08:42
沈阳薛之谦1901,兄弟，我特别理解你这句话，我就是找工作，干活应聘，反正人多我就不好意思(T ^ T)，但也没办法┐（─__─）┌,08:41
鄙人王安琪字耀鋆,那该怎么办呢？,08:41
青山唯尔,喜欢就是乍见之欢，爱就是久处不厌,08:40
信孤命痞,为什么我回复来了你不说好的呢?,08:40
北遇190215,绿色很干净，脏的是爱情。,08:39
青山唯尔,合适,08:39
今天拉稀了吗,就像每个字都是为我们的经历而定制 听到哽咽,08:39
是你的肥肥,若不是你突然闯进我生活,08:39
TiAmo_-__-,日子匆匆穿过我而行 奔向海洋我们都到生活里去了 生活里人口众多,08:39
ManzanaNegra,被前任绿了，所以这有什么嘛。可能她觉得别的男生更好就把我绿了。有的东西不是你的，再怎么努力也没用。,08:38
温柔下去丶丶,还好我单身,08:38
若亦_,2018.10.3，那一天你闯进了我的世界，为我的世界带来色彩，给我的未来带来了憧憬，因为有你，不再寂寞，让我知道世界上还有一个你会一直陪着我,08:37
supercurry1805,若不是你突然闯进 我生活,08:37
11a909aa,我想他。,08:37
Su比Jiang,喜欢一个人就像一条狗，他给你一块骨头。你高兴的上蹿下跳，你都不会想想，他把骨头上的肉喂了谁。​​​​,08:36
潘潘在这,我们像是两条平行线在没交点​,08:36
mxiaooo,这层都可好可爱呀，一个个十六七岁的小年轻，加油哦！最后几十天，全心全意，拼尽全力,08:36
小延子Y,我教你长大 你骂我人渣,08:36
欢欢乐乐敏敏,我的情况和你好像 能聊聊吗,08:36
极品猫爸,你是无意穿堂风，偏偏孤倨引山洪,08:35
等待的简单,可能，她不开心的是，又少了一个备胎呀,08:35
ccaiss,不知道为什么要把干净的绿色和爱情牵扯在一起,08:34
废渣xl,经历就是成长开,08:34
AG_西瓜朕,这个世界，不论男女渣子很多,08:31
葳梦,你闯进了我的生活，我守着心里的那片暖阳，希望有一天你会想我爱你一样爱我 :-(,08:30
踏指青霜,我一个生活的好好的，你突然给我带来清新自然的绿色[多多捂脸][多多捂脸]，是想让我把你刻在石碑上怀念吗？,08:30
有ing情king,你拿我当兄弟我却想着娶你，于是试探表白了于是就失去了💔,08:30
小半吖a,我会努力的☀,08:30
拒绝热巴7次,用绿色代表我的现状，,08:29
葳梦,要加油吖，让自己开开心心的❤️，高考加油＾０＾~,08:28
拒绝热巴7次,绿色代表我的现状,08:28
MNMNG1,喜欢一个人就像一条狗，他给你一块骨头。你高兴的上蹿下跳，你都不会想想，他把骨头上的肉喂了谁。​​​​,08:28
听哭的声,绿色是个很美好的颜色，是爱情脏了它,08:27
歪果仁也有八卦风,天气不太好的时候，我只能拼命地把自己心上的裂缝补起来，因为他住在里面，会淋雨。很多时候，不知道自己怎么努力，怎么加油，怎么奋不顾身，才会配得到他。从此以后我只有绿色,08:26
肖锦坤的小迷妹AP,我什么都不记得了,08:24
韶华倾负半笼月,真诚的人最可爱,08:24
红尘_渡口,现在我爱的仍是绿色,08:24
Jiang星宇,有没有已经卸载爱情的人💔,08:23
小半吖a,397天，心里一直很喜欢他，可是脾气不好，分开了，很想他，每天都看得见，好像真的要结束了，离高考只有77天了，我想开心过好每一天，可是晚上总会感觉心里空空的，少了些什么,08:23
楚子航的女人丶,被黑夜冲昏了头 差点就要说想你了,08:22
是个名字那么难,今天天气很好，听着眼泪就掉了,08:20
江默_,分开的第十一天,08:19
--曼曼桑,我喜欢一个男孩子。他很喜欢打游戏，但是也会在打游戏的时候和我连麦。他比我小，但是会在我发脾气的时候小声逼逼，你脾气要好一点呀！会在打游戏的时候各种保护我。会带我上分，不准别人喷我。会陪我玩无聊的你画我猜。会每天清早叫我起床。那也是会很喜欢我吧？网瘾少女就喜欢打游戏特别好的男生,08:19
卑微碎碎,绿色很好鸭.💚,08:19
Der-Spiegel,若不是你突然闯进 我生活，我怎会把死守的寂寞 放任了,08:18
Mx安生,喜欢和合适 哪个更重要？,08:18
像风停走,可你仍是我心底某一深处的软肋,08:18
雷电法王袁魁益的爸爸,爱我的话你都说 爱我的事你都不做,08:17
左岸清风f,之前觉得单身自由又快乐，直到遇见你，突然感觉过去二十多年没和你在一起，荒废了。,08:17
广西一名靓仔,一定会的 加油,08:16
江默_,我💚你,08:16
幕终,为什么是绿色？,08:16
必楼,干净的绿色 不干净的感情,08:15
大龙诶他是,不知道遇到你是对是错，反正我很开心,08:15
她婄徚,绿了绿了,08:15
顾亦白爱喝可乐,真的,08:15
hsycho,一直喜欢的色,08:15
hsycho,一直喜欢的色,08:15
大_紫,我们一宿舍的人都是这样的,08:14
祝Ch有自己的星,下次 换你喜欢我 喜欢到疯掉好吗,08:14
揣兜里鸭-,或许不算吧,08:14
静仪静仪,还不算,08:14
y音乐改变心情,[多多耍酷][多多耍酷][多多耍酷][多多耍酷],08:13
祝Ch有自己的星,生日快乐啊小姐妹,08:13
hgdcbf,抖音关注学校的女孩子还给人家点赞，我算被绿了吗,08:12
幻想成为风流才子,我现在最爱的 绿色,08:12
蟋蟀灬不帅,自从你闯进我的生活，每天都是死守的寂寞,08:12
Zheng_yt,不要患得患失,08:11
chasing-star_,在巴黎的埃菲尔铁塔下，我们手牵着手仰望着整片星空，忽地，我看向你你看向我，尽管没有言语，眼角的温柔就是最动人的言语，那里有星空下的铁塔，和最美的你。,08:11
迟轩丶,绿色很干净，脏的是爱情,08:10
-没头脑的天才美少女-,在一起的第1589天分开的第五天祝你幸福 ​​​,08:10
-Herbet-,挺好的一句话，突然发现网易里都有一些非常有深意的话,08:10
降--灾,诶~朋友，你这绿色的心怎么打出来的呀？[多多比耶],08:09
自来卷你慢慢长,总会被别人当成傻逼，跟室友的作息不一致，所以我总是一个人吃饭，一个人跑步，一个人逛街,08:08
No蚂蚁绊大象,现在的状态是：没有特别想维持的关系，也没有特别想得到的东西，走进的人不抗拒，离开的人不挽留，吃点亏也懒得计较。,08:08
beautifulgirl着迷,我喜欢他， 他却笑着对别人说出口……,08:07
自来卷你慢慢长,哈哈我会哒,08:06
自来卷你慢慢长,但是身边人总感觉你是傻逼，导致我们作息不一致，所以我总是一个人吃饭，一个人跑步，一个人去超市,08:05
是我的狗_,我对你最后的爱是知趣 是清醒,08:05
上古girl,感觉这首歌是为我量身定制😂😂😂😂，但你从未给我机会让我为你做任何事，我的离开，是你希望的，但我不知道你为什么不开心😂,08:05
BiliBili姉雨大大是鬼才,这歌的意思是男主不爱女主，女主把男主男主给绿了吗😂😂,08:05
可爱的酱油打酱油,还有和一个女的嘿嘿嘿，然后心里是另外一个女的,08:04
可爱的酱油打酱油,如果内向我觉得真的注定成功不了，,08:04
L是仙女哇,若要是你突然闯进我生活我宁愿把死守的寂寞放任了爱我的话你要说爱你的事我会做我愿把甜言蜜语当做你爱我的躯壳,08:03
jio壳儿,做最好的自己 慢慢变优秀吧 加油,08:03
青连大人,这叫自律，,08:03
自由-z,斩钉截铁 毫不犹豫是我做过最正确的决定,08:03
水两波,若不是你突然闯进我生活，,08:03
繁不凡fbf,我喜欢吃蛋糕，而你却嫌它比你的烟还贵，我以为为了爱情可以放弃，结果你认为是我应该的，,08:03
幻影北北xy,谢晴毅我好想你,08:02
阿令Ya,一直喜欢绿色啊，无关感情,08:02
Hei原来你也在这,我也是很喜欢白山茶！,08:02
自来卷你慢慢长,越来越觉得如果你早睡早起，按时吃饭，不追星，不吃辣条，就会被别人当成怪物，尤其是在一个宿舍，显得格格不入,08:01
莫西180829,你也喜欢看动漫吧,08:00
Ymir__丶,花了两块钱买了为啥还是下载不了？,08:00
歌唱界的欧文,因为一个人，不敢听一首歌,08:00
小提莫的音乐盒,原谅色,07:58
柠檬丶Melody,要学会成熟 不要相信爱情~,07:58
SummerWinner,一不小心点进评论，看到一出不明真相的大戏,07:57
sarah王赛,若不是你突然闯进我生活，现在的我也不会这么难过,07:57
Estrus777,我都二十岁了，怎么还分不清暧昧和爱情呢。,07:57
记的旧时好,他爱我，还放过我,07:57
_一腔孤勇___,你说你爱我你需要我你要天天枕边都有我可你为什么把很多的时间都给了她又做了什么因为我呢 爱我的话你都说爱我的事你不做💔,07:56
你瞧外面下雨了,听到这首歌的第一反应居然不是难过…只是好庆幸得亏不是晚上…果然早上起来的壳会比晚上坚固好多…emmm…我说过的，下次见面，我一定会是一个更好的我…最起码是一个敢凌晨听这首歌的小仙女！！！,07:56
贼浪死不掉,若不是你突然闯进我的生活，我怎会把死守的寂寞放任了 找我的是你 耍脾气的也是你 好累.,07:56
蓶愛丶妳,替所有的刘先生说一声，对不起,07:55
红烧月老,日推，哈哈哈哈,07:55
猫姨1903,若不是你突然闯进我生活…,07:54
馨馨大魔王,想他…,07:54
天命风流浪,咋没歌词呢？,07:54
-SWEETCHIANG,我现在最爱的 绿色,07:53
-表姐-,甜言蜜语 我喜欢听 但我不会信,07:53
-BlCK-,在一起已经不是喜欢，而是习惯了,07:53
余生不用你寒暄future,唉😔,07:53
Faril丶,胡先生，你什么时候才来娶我,07:53
Lyao偶然,若不是你突然闯进我生活,07:52
夏天em,大爱,07:52
雾危,只有网易云可以听我的心事,07:52
一曲繁花落丶,第一次和你看电影，虽然是班集体电影，但是当你叫我过去坐在你旁边时，我内心是多么开心。,07:52
中二青年多多酱,太太太好听,07:51
叶淽,我也喜欢江西 但我想离开江西,07:51
大西西西瓜呀,我宁愿自己没有情感 不然会很难过,07:51
Be-a--Loity,我的青春也许很糟糕，没有考上大学，上了一所普普通通的中专学校，我以为每天也会荒废的生活，那一段时间真的很颓废，可当我真正坚持下了，回忆起来也是挺美好的，因为有一群志同道合的兄弟，还有一个闯进我心里的那一个人，所以生活是美好的，要以乐观的心态过好每一天。,07:50
又犯迷糊,沿着绿色一路向前，像是跟着绿色的疏散标志，逃离了过往,07:50
wo东鹏,绿色很干净脏的是感情,07:50
她走之后TEl,黑色没有灵魂的人,07:49
潮濕廢柴,有情人难成眷属，真正寒了心的，扛不住孤独的大男大女,07:49
苦厄都是我,爱我的话你都说 爱我的事你都不做,07:48
uuuu4啊,在我灰色的心里即使有绿色我也已经没有感觉,07:47
止罪,若不是你突然闯进我生活,07:46
万丈红尘劫作伴,唉，珍惜当下,07:46
_小摆摆,若不是你突然闯进我生活,07:45
深度精神患者,听这首歌的第2天，突然在他哪里发现，算来我才是第三者……头顶一片青青草原……得不到的热情就应该适可而止吧。,07:43
鱼玄清,不再对你抱有期望了，往后余生再无你,07:42
在风中的蔷薇,祝遥远的那个她能幸福,07:42
阿yo_,可记忆不能删除,07:42
x文乐,人的忍耐也是有限的呀，你怎么没想想我的感受？生而为人，那你也不重要了,07:42
Mr南笙北执,幸好你给的失望够多 我的离开也算值得,07:42
樂兒真可爱,我很喜欢绿色 你们呢,07:42
湖边淡风,中国有14亿人口，网易云音乐有2亿用户，而你偏偏在这首歌的评论里面看到了我，然后你花了15秒钟来读我这一段话，你好 陌生人，。 愿你卡里有钱。车里有油。心里有爱。脚底有风。有空来上海找我喝酒 管醉。。,07:41
你来时的九月惊鸿一瞥,他走的那天，我唱绿色,07:41
徐思寒先生,我和你分手已经要到两年了，我以为我已经忘记你了，可是前几天做梦梦到你过的不好，我开始找你的联系方式，却发现你早就开始讨厌我了，我却还厚着脸找朋友找你的QQ微信，就是想看看你过的好不好而已💔,07:40
祖宗味的小阿晶,我懂你的苦衷 我理解你的难处 我也尊重你这样对我的理由 没关系 我没有生气 我只是很失望,07:40
Backwhy,太好听了,07:40
你来时的九月惊鸿一瞥,绿色 代表着解脱,07:40
乞力马扎罗的你和我,替他说一句 对不起,07:39
渔乡o,越来越不喜欢被人凶，被人指责或被人利用了。只想跟温柔的人在一起，他对你的关怀，细水长流又舒服，像是被冬天下午三点的阳光，晒到浑身发一点点微热。喜欢温柔的人，喜欢跟他们在一起。,07:39
很酷的老司机,加油 陈雪凝 我在你背后顶你,07:38
终极推拿之达摩祖师,除了帽子，我想整个变成绿色,07:37
大奥特曼_,没有一条定律是你很好他就要爱你 ​​​,07:37
终极推拿之达摩祖师,微信头像、名字、相册背景全绿色,07:37
孙金铎,我觉得也是,07:37
春夏秋冬SQLN,让我感觉从来没有被选择,07:36
顾长情,现在我还在学校，我还能留个念想，可是马上我就要毕业了,07:36
渔乡o,可能是真的年纪大了 发现自己越来越喜欢温柔的人了说话温柔 做事温柔 跟你相处也温柔，像是天冷的时候帮你顺手立一立围巾，接到了一杯稍烫的水会先晾一晾再递给你，还要嘱咐你千万小心，而不是迅速递给你，看你握着杯沿的手被烫的通红通红。“温柔”对成年人来说是极珍贵，极美好的品质。,07:35
别动我開枪,男同胞们进我歌单 你们懂的,07:35
我超喜欢羽羽的,啊我死了,07:34
顾长情,她给我唱的第一首歌就是白山茶，因此喜欢上了陈雪凝，正像歌词里的你说你喜欢白山茶，却怡然自得的收起他的红玫瑰。你说你喜欢我，可你转眼就能喜欢上别人,07:34
手腕疼痛,“奶奶 我谈恋爱了”“是吗 有空带回来吃饭”“可是 她也是女孩子”“女孩子也要吃饭的呀”,07:33
陈悦越,祝你快乐。,07:33
毋睨,绿色本来就是干净的颜色,07:33
刘育琳,加油吧 你委曲求全的样子挺可怜的.,07:33
和女生说话会害羞,若不是你突然闯进我的生活，我怎会把死守的寂寞放任了,07:33
手写墨言,我还记得那天，踏入校门，转眼看见的你，决定跟我漂泊的瞬间我爱你,07:32
T时笙,被放弃的感觉真好,07:32
淡水鱼儿,忍着，就做认为对的事，不合适，再喜欢有什么用。过段时间就好了。,07:32
顾长情,我爱一个女孩，她是我的学妹，也是她向我表白的，按照道理分手后应该是我能更洒脱，可是为什么她有了新欢而我依然念念不忘,07:31
你裙下的人间太美妙i,绿只是一种健康美丽的颜色，而弄脏它的 是爱情,07:31
我是柚子大哥,我真的好喜欢好喜欢你 我们不要错过好不好,07:30
用户1769799255,[多多大笑][多多大笑],07:29
薛爆他,我不会再让任何人再突然闯进我生活了哪怕你真的不会再回来了再见,07:29
阿念叔叔_,生活不允许普通人内向,07:29
我喜欢你少年wgx,是我闯进他的生活,07:28
我是柚子大哥,我真的好喜欢 好喜欢你 我们一定不要错过好不好,07:27
飞过天空的青鱼,如果不是你闯入我的生活，我怎么会相信自己也会对爱情那么沉溺呢可是你突然走了，我喜欢的绿色。永远都没有了,07:27
不念旧R,故事很短通过验证顶置聊天特别关心聊的火热取消顶置修改备注删除好友此生不见,07:27
春夏秋冬SQLN,先招惹我的是你 最后先离开的还是你,07:27
7ZHONG颜色的瞳孔,还有三天就是她生日了，做了很多让她失望的事情才让她一步一步的离开我，好好生活，才不辜负她爱过我。,07:27
清风与酒Zyd,不主动删除，不主动拉黑，不主动打扰，这是我给你，最后的温柔，也仅此而已，,07:26
归晚xyz,后知后觉: 当真是爱我的话你都说，爱我的事你不做！真心枉付，所谓的爱情不过是我讨好你的独角戏罢了，该转身了，再也不见！,07:26
黄琳开心快乐,刘先生，你是有多混蛋才把我这么好的女孩弄得这么狼狈,07:25
R的小酒馆,改变我是你，放弃我的也是你,07:25
内涵的绅士,绿色多么纯洁的颜色只是爱情玷污了她,07:24
英俊潇洒小艹艹,你说你喜欢绿色，我便把手指甲脚趾甲都做成了绿色，新买了一条绿色的裙子，等着你来拥抱我,07:24
倾她城做她王脱她衣上她床_377,绿色很干净 是爱情脏了它,07:24
我叫木灵,还有今天，明天，后天就可以回家，坚持坚持,07:23
八千岁为椿丶,脏的不是绿色，是爱情。,07:23
Luckywbb,缘分这东西就是很奇怪，如果无缘再见，即使你们生活在同一个城市也不曾重逢，如果有缘，远隔千里也会有重逢那一天。,07:22
我可能上了个假Q,如不是你突然闯进我的生活，又怎样会有故事呢？,07:22
全国儿童代表,嗯,07:21
5j9的同桌,我只有一颗心,07:21
你是朝夕,过得比他更好，没有谁离不开谁，这是你必须要进入的状态，交给时间,07:20
相逢别错过-,喜欢就讲出来 同意就在一起 不合适就分开 现在的状态就是这样 现实教会我的东西 ,07:20
百万想见你,黄粱一梦,07:20
密密爱你,绿色很干净，是爱情脏了它,07:19
你是朝夕,如果努力过后还是没有结果，那么分开是最好的选择，走不进就走不进了，不甘心也不甘心了，没有办法,07:19
ChinrnQuan_,毕竟花花世界灯红酒绿纸醉金迷 你也不会记得我在你的世界出现过,07:19
寻欢0,总该长大总该试着去成熟放弃一些曾经你以为不可分离的东西即使这个过程漫长且难熬当做睡前关上的灯吧天总会亮的,07:18
嘟嘟淅淅,我也会为你加油的！,07:18
南南和木木,后来我和她同时喜欢上了绿色,07:18
無論--,能不能别总关心我，我会当真的,07:17
我没有故事么,我懂,07:17
念无可念念而不念,爱情本也纯洁奈何是人脏了他。,07:17
念无可念念而不念,春天的绿色，夏天的蓝色，秋天的黄色，冬天的白色，我以为人世间本纯洁，奈何所罗门的恶鬼也因人性的扭曲而逃跑。,07:16
摩了个羯i1808,昵称好可爱～,07:16
苷厡,我把我的心给你换来的只是在你心里的一个角落蜷缩💚,07:15
你好哇塞hm,一个被“定位”了的颜色 绿色 喜欢的颜色,07:14
猫者看戏,他撩你全程只靠嘴，你却因此走了心,07:14
小姐姐or小可爱,要想生活过得去，身上总得带点绿,07:12
吻你爱夜,以前给你聊天聊的那么多 现在你生气了我却不知道说什么,07:12
摩了个羯i1808,生日块落,07:11
牵紧你左手,绿色本是纯净的颜色，可惜被爱情污染了。,07:11
微光独静,可是她不喜欢我啊,07:11
吻你爱夜,王梦菡喜欢你我从来都没有后悔过,07:11
老二Music,我电台有原版 白山茶,07:10
电势能减小,开始那两句我以为听到了阿肆的声音,07:10
离离白桦,我也是啊😔,07:09
繁华丶似槿,什么不适合，什么累了，不过是借口，你永远不会承认你爱上了别人,07:09
初衷beflying,绿人先绿己..,07:08
LLOVUYOU蛋炒饭,爱是一道光，绿到你发慌啊,07:08
蓝色渐入海,你很好，只是不爱我,07:08
Dekka_1,分手后，看山像你，看云像你，看海也像你，我也像你。再见吧,07:08
吃鸡的小鸭子,在cpt直播间听了一天,07:07
peaceyoooo,绿色是干净的 人是脏的,07:07
过来抱我一下嘛,愿岁岁平安 即使生生不见,07:07
伊污音,我靠，为什么我听过的歌好听的，大多抖成了抖音烂大街的歌呢，抖音真的是毁歌神器！,07:07
昨夜又梦见了你-,若不是你突然闯进我生活，我怎会把死守的寂寞放任了！,07:07
--以后_,若不是你 突然闯入我生活,07:07
你知道2018年世界百大DJ第15吗,绿色是最纯洁的，是爱情污了它💚💚💚💚💚💚💚💚💚,07:07
芩木,你还要扰乱我多久呢，李某某 很多年了,07:06
肥先生7,梦想终究还是输给了现实,07:06
陈姣饿死了,你多做一件让我失望的事 我就少爱你一次.,07:05
粉哒哒哒哒哒哒,真实,07:05
_想不出来的名字_,忘了我和记得我 我都害怕,07:05
吹个泡泡121,在一起三年 分分合合无数次 最后我以为是时间和距离 结果是不喜欢了😌,07:04
覺覺覺覺覺_,之前说着过不去的坎 之后也是一样 过不去的,07:04
Joker590588,我也是有人给我分享了才过来听的,07:04
中二青年多多酱,有点好听,07:04
给自己取一个昵称哈哈哈盖茨比,绿色在生活中本是富有生机，清新淡雅但到了爱情中却没有给我清新的感觉呢？同是绿色差距怎么这么大,07:03
蔡徐坤的女人绝不认输1998,"你会等一个人很久吗？"“不会。”“为什么？”“凭什么？”,07:03
wazsi,如果我能成为他的合法丈夫 什么苦我都受得了 什么伤我都承得住,07:03
覺覺覺覺覺_,有过你 以后的那些都不算什么,07:02
大冈瓜,绿色其实很干净，脏了他的是爱情。,07:02
杳Y_,期待每次学校的集体活动里看到你的身影 因为年级不同哈哈哈虽然几率很小但仍是期待 虽然是建立在你曾伤害过我的基础上..仍是期待多看你几眼呐,07:02
越来越开朗的女孩子,有人给我分享了这首歌？？？,07:00
www-free,人一旦有了隔阂就回不去了,07:00
九儿的小可爱,曾经我以为， 就算全世界都离开我，你也不会走。 而如今你走了， 我的全世界也没了。 ​​​,06:59
婷崽小朋友,爱我的话你都说 爱我的事你都不做,06:58
静静o3o,笑死我了小姐姐太可爱了！！,06:57
江北陈伟庭,强行伤感，最为致命。,06:57
小茜茜ds,失望攒够了，转身离开，才发现对的人在前方，,06:56
我还真没找到,日推,06:55
Charon-07,去陪你喜欢的人吧 至少你快乐,06:55
clehoo,你不能把对我的亏欠给下一任，没人能配得上这份亏欠 ​​​,06:53
佳麟_,你是伤害我有多深才让我觉得所有的歌词都是为我写的💔,06:53
十年知舟yz,任阳，我喜欢你从来没有说过，也不会有人知道,06:52
李夷吾,一片赤诚 真好,06:52
拥入怀丶,有故事的人呐,06:52
二狗还没睡,3.21日，今早是被外面刮风的声音吵醒的，最近每天晚上都会梦到你，梦到你主动找我说话，梦到一些有趣的事，我想主动跟你讲这些有趣的事，可是又怕你觉得这没什么。梦里的我很开心，可我知道那只是梦而已。最近都挺冷的，出门记得多穿一点❤️,06:51
楚乔别睡Ye,你这么关心我 我以为你很爱我,06:50
呜呜呜我的头像挂件不免费,哈哈哈哈哈,06:49
怕是个猪头三,2019-03-20删去所以关于你的消息 以后努力过好自己的生活 再见,06:49
林575,我以为我给你的都是真心 你觉得那是假的,06:47
i5也许,她说你好严肃都不爱笑后来我一想到她就笑成傻子当你卸下伪装就一文不值 任人宰割,06:47
许小梦呀,若当初没有同意你的好友请求，若当初不乱着给你打qq电话，若当初你不用小号加我，若当初我不那么自信地给你告白，我们肯定还是沙雕朋友，忘了吧，黄舒心，在春分这一天！,06:47
我的余生将与你同甘共苦,做个恶人 不碰感情 自带杀气 ​​​​,06:45
Whistlt,绿色很好的,06:45
淡然处之h,这首歌说很像我，是你闯进我的世界，而到最后放不下的却只有我。,06:44
-0423,很喜欢绿色 也很喜欢他 他走了他离得开我,06:43
一颗巧克腻,我却把甜言蜜语当做你爱我的躯壳,06:43
cruel-Emotional,觉得曲子和假装很相似，能连在一起了,06:42
blackolda,本来已经决定注销账号 到了最后一步还是没忍心点下去确定删除 你看 我还是放不下 心软的结果就是我又要难过好久 也不想忘了你,06:41
原来是17阿,一半期待 一半恐惧,06:40
只不过是自作自受罢了,差点没忍住，又要找你了😂,06:39
您所拨打的电话号码是空号,动荡的感情世界，也不全是男男女女，有的人付出了却不问对方需不需要，不问自己对方值不值得如此,06:39
A简单1506,我现在最爱的是绿色,06:38
ZHY5201314SL,我说不去打扰你了SL，那是都是假的，毕竟我都心也是肉做的。,06:35
芒嘎嘎嘎嘎,我总是太早或太晚表达爱意,06:33
气质得体101,00后都这么厉害了……,06:33
Flaky云,朋友高考加油啊❤,06:32
想给你生猴子,在一起586天 分开的第四天 不负遇见 这几天我过得很好 希望你也是,06:32
一Bereavement,其实 习惯 不甘心比较多,06:31
一只傻浅笑q,一样,06:31
一个无聊的胖子,走好不送 沉穩樣,06:30
一个无聊的胖子,石膏淚,06:29
-謎-_,还有78天👊🏻,06:29
一个无聊的胖子,賣後悔藥咯,06:29
想给你生猴子,586天 不负遇见,06:29
ifoneofyou,幸好思念无声 怕你震耳欲聋,06:28
你的温柔x,我瞒着所有人继续爱你依旧,06:27
我的眼睛只看向我喜欢的男孩子,好,06:27
FeNGZihAO,哎呀，大智障，早上看见你朋友圈发这首歌，算了一下时间你又熬夜了。没有什么事情是忘不了过不去的，时间问题。刚好昨晚梦到你了，别不开心了，我在陪着你啊,06:26
少女的名字叫千寻,看过评论里面太多的经历和故事，不知道什么时候开始变得很冷血。应该是在哪个夏天 他和她抱在一起，他哭的撕心力歇 她不知道全是因她而伤心 只能在一旁本能安慰,06:25
不触摸感情,[多多可怜][多多可怜][多多可怜][多多可怜],06:25
子亦慕君,以前我有一个长辈告诉我，如果少年时代碰见一个女姓，明明长的很漂亮，但你却根本不想去窥视她地身体，更不敢在脑中幻想那些与有关的事情，那就证明你喜欢上了她。而且是真正的那种喜欢。,06:23
死白_,您配吗,06:21
zhangandyy,意外而已😔,06:21
妖月很酸呐,抱抱，不难过，会过去的,06:20
yo猪强,一晚上没睡，一直听这首,06:20
灬沫筱涛,啤酒支持汽水,06:20
aka大猪蹄子,长大了还要你嘛,06:20
邓岳舟的小宝贝,人生建议 不要陪一个男孩子长大,06:15
七柒-萤,听来听去还是你的最好听，干净♡,06:14
此帐号已经注消,忘不了,06:12
奶嘴嘴啊,她最喜欢的颜色——绿色,06:12
南墙有风-,[多多大笑],06:10
丢丢好困,我们家小雪凝一下子又多了这么多的小宝贝虽然有点自己的小宝贝被别人抢走的感觉但是104.5万的小宝贝都是和大宝贝雪凝一样感同身受的呢❤,06:09
能哥--,我把这首歌分享到朋友圈，只对你可见，许久，你回复我好好的。这是分手两个月来你对我说的最多的三个字，你知道没有你我不会好好的，但我还是会努力好好的。,06:08
忘了是谁只记得她,绿色很干净脏的是感情,06:08
啊花呐,以前我总在想，能陪自己到最后的是什么人，现在我明白了，真正能陪我走到最后的人，不是我强撑着睡意和她聊天到深夜，不好告诉她我很困很累。而是，我随时和她说我很累的时候，她都可以安心让我去睡觉休息。因为我永远不必担心，我们过了今晚就不会没有明天,06:06
认识刘华强吗,您配吗,06:06
可乐崽崽,终于等到你还好我没放弃,06:06
sinsin妹妹,有一个让你一直无法忘记的人是什么一种体验？ 年少时，不能遇到太过惊艳的人，否则余生都无法安宁度过。,06:05
湘湘_RI,从一开始的红色 一片赤诚后来变成粉色 两眼带星然后是白色 一汪平静可是 最后 却变成了绿色感情带伤,06:04
关楠楠屁事嘛,说过会好好在一起.可转眼就爱上别人了.,06:00
关楠楠屁事嘛,是啊.,05:58
LIFElikeAbullshit,整,05:58
音悦网友,别再翻评论了，其实你也有故事，只是没说出来而已。,05:57
我的意中人在哪捡瓶子,你说你喜欢我，等我放下了坚硬的保护壳，你告诉我不爱了，,05:56
孟思思啊,真实,05:55
萌屁桃,都很真实的喧嚣着,05:54
萌屁桃,无数次被梦中的你以无数次不同的方式背叛气醒难过的痕迹留在了枕头上醒来的无助和焦灼煎熬,05:53
林林几许丶,火前留名,05:53
L大梦大遗,你说你喜欢绿色 那我祝你被绿,05:49
子鹤是你爹,赵公子你在吗？,05:48
豆芽的璨星星,睡醒啦……,05:48
小黎的舔狗,时间会让你习惯的 我体会过你的难受 也许她还会回来 也许你永远失去了,05:46
她才是苏丽珍,Me too,05:44
去体院馆也花钱,我是有多么爱你，你也答应做我的女朋友，可是我总觉得走不进你心里,05:44
释然om,南京,05:44
前人_,最近爱上了绿色,05:42
爱是陈锐,我也一样。,05:39
15762592967,若不是你突然闯进我生活 我怎会把死守的寂寞放任了 爱我的话你不说 爱我的事你不做 哈哈 💔,05:38
违心的悲伤,若不是你突然说，你爱我我又何必现在那么多的痛苦💔,05:37
LHN919,在一起1049天 分开的第四天，这四天的崩溃是从来没有过的状态，泪流不止 心脏绞着难受，睡不着觉，这也让我知道我多难受你也不会哄我也不会多看我一眼了。就这么一句话就把我撒手不管了。 你微信发不停 看到消息时的微笑 我只能说我羡慕她 你肯定会知道怎样宠她了。 再见 再也不要见了,05:33
来自终瑜,有些人相识一天就能恋爱，有些人认识了好几年都不敢表白，有些人在一起了好多年却没能走到最后，有些人分分合合兜兜转转还是会地老天荒。人生就是这么奇妙，遇到错的人做什么都好像是错的，遇到对的人怎样都是对的。,05:22
起名为难我啊,你在我左侧，却像隔着银河,05:15
笑yyyyyy,我很喜欢你 但是 我再也不会对你有任何期待了 祝你开心 也祝你 错过了我,05:14
你會潮噴嗎,哭着吃过饭的人 是能够走下去的,05:12
Weason-Chan,若不是你突然闯进了我的生活,05:11
能猜到我是谁吗,每时每刻在想你 时间永远在我身上凌迟,05:10
小人物9999,谁的新欢不是别人的旧爱,05:09
MissLori_,绿 一抹不染尘世的清凉与沧桑,05:09
MissLori_,记得要开心 开心是自己的 没人可以借 ​​.,05:08
十一月花满楼,你像一把烧的通红的刀，悬在我冰冷的心上。,05:03
请你加油xm,绿色是干净的颜色 无关爱情,05:02
维尼不在拥有小熊,瓦塔西瓦,05:01
AdamYD,爱我的话你都说 爱我的事你不做,04:59
十一月花满楼,百般挽留，抵不上你一句累了。,04:55
文穆清,忘不了就一直记得 每个人心里都有忘不掉的人，只是不被提起,04:55
关上所有的灯-,好 随你删 我知道 是我在别人身上渴求太多了,04:53
吴阿怪vi,我也是，前两天刚分手，之后过了一天发现她把我的所有全删了，唉，希望以后为了自己好好过下去吧,04:52
清-秀-猪,异地恋最长126天，最后因为你的你句心情不好分了 然后看见你换上了情头 为什么不直接告诉我 分手伤心一次 明白了为什么更伤心 还不如一次了断！,04:50
药水哥_刘波,没有药酱的世界没有了快乐,04:50
黄千嬅,没钱，没工作，女朋友也不要我了，最废的22岁,04:49
均哥cci,睡吧，晚了,04:44
阿璇de小可爱,喜欢又怕受伤,04:44
